Date,Name,Year,Letterboxd URI
2024-06-05,Challengers,2024,https://boxd.it/zld0
2024-06-05,The Hunger Games: The Ballad of Songbirds & Snakes,2023,https://boxd.it/pZCY
2024-06-05,Soul,2020,https://boxd.it/ioLA
2024-06-05,Tenet,2020,https://boxd.it/leq4
2024-06-05,Promising Young Woman,2020,https://boxd.it/loRE
2024-06-05,Minari,2020,https://boxd.it/mL9M
2024-06-05,Nomadland,2020,https://boxd.it/lnRy
2024-06-05,Onward,2020,https://boxd.it/io92
2024-06-05,Emma.,2020,https://boxd.it/kmg0
2024-06-05,The Father,2020,https://boxd.it/m8Ie
2024-06-05,Sonic the Hedgehog,2020,https://boxd.it/gdK8
2024-06-05,Euphoria: Trouble Don't Last Always,2020,https://boxd.it/ta4a
2024-06-05,The Croods: A New Age,2020,https://boxd.it/jeHK
2024-06-05,Oppenheimer,2023,https://boxd.it/wUow
2024-06-05,Inception,2010,https://boxd.it/1skk
2024-06-05,Dunkirk,2017,https://boxd.it/d0Y6
2024-06-05,Memento,2000,https://boxd.it/2bcK
2024-06-05,Following,1998,https://boxd.it/1Tj4
2024-06-05,Insomnia,2002,https://boxd.it/2aB0
2024-06-05,Cruella,2021,https://boxd.it/bbKg
2024-06-05,La La Land,2016,https://boxd.it/a5fa
2024-06-05,The Interview,2014,https://boxd.it/6KQ4
2024-06-05,Why Him?,2016,https://boxd.it/c3Wq
2024-06-05,The Croods,2013,https://boxd.it/FRE
2024-06-05,Captain Marvel,2019,https://boxd.it/9vSA
2024-06-05,Avengers: Endgame,2019,https://boxd.it/9vE4
2024-06-05,Spider-Man: Far From Home,2019,https://boxd.it/fegG
2024-06-05,WandaVision,2021,https://boxd.it/sbGW
2024-06-05,Guardians of the Galaxy Vol. 3,2023,https://boxd.it/fVNI
2024-06-05,Iron Man,2008,https://boxd.it/28dA
2024-06-05,The Incredible Hulk,2008,https://boxd.it/28dU
2024-06-05,Iron Man 2,2010,https://boxd.it/1WZM
2024-06-05,Thor,2011,https://boxd.it/1WQU
2024-06-05,Captain America: The First Avenger,2011,https://boxd.it/28b0
2024-06-05,The Avengers,2012,https://boxd.it/1xFW
2024-06-05,Iron Man 3,2013,https://boxd.it/2cBQ
2024-06-05,Thor: The Dark World,2013,https://boxd.it/2DqA
2024-06-05,Captain America: The Winter Soldier,2014,https://boxd.it/3r58
2024-06-05,Guardians of the Galaxy,2014,https://boxd.it/3VH2
2024-06-05,Avengers: Age of Ultron,2015,https://boxd.it/3qi6
2024-06-05,Ant-Man,2015,https://boxd.it/3vmW
2024-06-05,Captain America: Civil War,2016,https://boxd.it/89Ja
2024-06-05,Doctor Strange,2016,https://boxd.it/8MH8
2024-06-05,Guardians of the Galaxy Vol. 2,2017,https://boxd.it/8MxC
2024-06-05,Spider-Man: Homecoming,2017,https://boxd.it/aboM
2024-06-05,Thor: Ragnarok,2017,https://boxd.it/8MHi
2024-06-05,Black Panther,2018,https://boxd.it/8MHs
2024-06-05,Avengers: Infinity War,2018,https://boxd.it/9vEe
2024-06-05,Ant-Man and the Wasp,2018,https://boxd.it/cqUW
2024-06-05,Last Night in Soho,2021,https://boxd.it/lbJC
2024-06-05,Thoroughbreds,2017,https://boxd.it/dVHQ
2024-06-05,Luca,2021,https://boxd.it/ipjC
2024-06-05,Toy Story 3,2010,https://boxd.it/1WRe
2024-06-05,The Incredibles,2004,https://boxd.it/1XLm
2024-06-05,Toy Story,1995,https://boxd.it/29qA
2024-06-05,Coco,2017,https://boxd.it/bYJQ
2024-06-05,Up,2009,https://boxd.it/1OEc
2024-06-05,Ratatouille,2007,https://boxd.it/27ww
2024-06-05,Finding Dory,2016,https://boxd.it/4aAA
2024-06-05,Toy Story 4,2019,https://boxd.it/9ALu
2024-06-05,Incredibles 2,2018,https://boxd.it/7IPg
2024-06-05,Inside Out,2015,https://boxd.it/4KHC
2024-06-05,Finding Nemo,2003,https://boxd.it/72i
2024-06-05,"Monsters, Inc.",2001,https://boxd.it/2a46
2024-06-05,Toy Story 2,1999,https://boxd.it/29qq
2024-06-05,Turning Red,2022,https://boxd.it/ipkq
2024-06-05,Elemental,2023,https://boxd.it/ASiE
2024-06-05,Lightyear,2022,https://boxd.it/qV1G
2024-06-05,Monsters University,2013,https://boxd.it/bQm
2024-06-05,WALL·E,2008,https://boxd.it/1VEo
2024-06-05,Brave,2012,https://boxd.it/bVG
2024-06-05,The Good Dinosaur,2015,https://boxd.it/3AD4
2024-06-05,West Side Story,2021,https://boxd.it/iwt0
2024-06-05,Catch Me If You Can,2002,https://boxd.it/29VS
2024-06-05,Jaws,1975,https://boxd.it/2a5e
2024-06-05,Indiana Jones and the Last Crusade,1989,https://boxd.it/2baO
2024-06-05,Indiana Jones and the Kingdom of the Crystal Skull,2008,https://boxd.it/2aR8
2024-06-05,E.T. the Extra-Terrestrial,1982,https://boxd.it/2a1G
2024-06-05,Raiders of the Lost Ark,1981,https://boxd.it/2bbs
2024-06-05,Indiana Jones and the Temple of Doom,1984,https://boxd.it/2bb8
2024-06-05,The Adventures of Tintin,2011,https://boxd.it/1Irc
2024-06-05,Lincoln,2012,https://boxd.it/2n2s
2024-06-05,War Horse,2011,https://boxd.it/nf8
2024-06-05,The BFG,2016,https://boxd.it/81cs
2024-06-05,House of Gucci,2021,https://boxd.it/nVkC
2024-06-05,A Star Is Born,2018,https://boxd.it/aXgc
2024-06-05,Friends: The Reunion,2021,https://boxd.it/pOQq
2024-06-05,Joker,2019,https://boxd.it/h4cS
2024-06-05,Brother Bear,2003,https://boxd.it/1Xjs
2024-06-05,Walk the Line,2005,https://boxd.it/2bdS
2024-06-05,Hotel Rwanda,2004,https://boxd.it/2aSA
2024-06-05,Raya and the Last Dragon,2021,https://boxd.it/jbkI
2024-06-05,Crazy Rich Asians,2018,https://boxd.it/gfnK
2024-06-05,Harry Potter and the Half-Blood Prince,2009,https://boxd.it/29FU
2024-06-05,Harry Potter and the Prisoner of Azkaban,2004,https://boxd.it/29Qy
2024-06-05,Harry Potter and the Deathly Hallows: Part 1,2010,https://boxd.it/1RYu
2024-06-05,Harry Potter and the Order of the Phoenix,2007,https://boxd.it/29Qe
2024-06-05,Harry Potter and the Deathly Hallows: Part 2,2011,https://boxd.it/1RYk
2024-06-05,Harry Potter and the Chamber of Secrets,2002,https://boxd.it/29QI
2024-06-05,Harry Potter and the Goblet of Fire,2005,https://boxd.it/29Qo
2024-06-05,Harry Potter and the Philosopher's Stone,2001,https://boxd.it/29QS
2024-06-05,Judas and the Black Messiah,2021,https://boxd.it/lsew
2024-06-05,Us,2019,https://boxd.it/gnV6
2024-06-05,The Jungle Book,2016,https://boxd.it/8wjk
2024-06-05,Queen of Katwe,2016,https://boxd.it/agW0
2024-06-05,Star Wars,1977,https://boxd.it/72s
2024-06-05,The Empire Strikes Back,1980,https://boxd.it/27Vw
2024-06-05,Return of the Jedi,1983,https://boxd.it/27Vm
2024-06-05,Star Wars: Episode I – The Phantom Menace,1999,https://boxd.it/27Vc
2024-06-05,Star Wars: Episode II – Attack of the Clones,2002,https://boxd.it/27V2
2024-06-05,Star Wars: Episode III – Revenge of the Sith,2005,https://boxd.it/27US
2024-06-05,Star Wars: The Force Awakens,2015,https://boxd.it/4vru
2024-06-05,Star Wars: The Last Jedi,2017,https://boxd.it/5xme
2024-06-05,Star Wars: The Rise of Skywalker,2019,https://boxd.it/5xlK
2024-06-05,Rogue One: A Star Wars Story,2016,https://boxd.it/aPvy
2024-06-05,Solo: A Star Wars Story,2018,https://boxd.it/bGWs
2024-06-05,Venom: Let There Be Carnage,2021,https://boxd.it/llco
2024-06-05,The Revenant,2015,https://boxd.it/8H5e
2024-06-05,Venom,2018,https://boxd.it/b8wA
2024-06-05,Once Upon a Time... in Hollywood,2019,https://boxd.it/gH0O
2024-06-05,Titanic,1997,https://boxd.it/2a2k
2024-06-05,Romeo + Juliet,1996,https://boxd.it/2ama
2024-06-05,The Great Gatsby,2013,https://boxd.it/JY
2024-06-05,Nightmare Alley,2021,https://boxd.it/m0HC
2024-06-05,10 Things I Hate About You,1999,https://boxd.it/23AO
2024-06-05,Bridesmaids,2011,https://boxd.it/rac
2024-06-05,Miss Congeniality,2000,https://boxd.it/28GM
2024-06-05,13 Going on 30,2004,https://boxd.it/1X6e
2024-06-05,Bridget Jones's Diary,2001,https://boxd.it/29WQ
2024-06-05,Dirty Dancing,1987,https://boxd.it/2baY
2024-06-05,The Proposal,2009,https://boxd.it/1HiS
2024-06-05,Clueless,1995,https://boxd.it/1Ygk
2024-06-05,"Everything, Everything",2017,https://boxd.it/eKx8
2024-06-05,If I Stay,2014,https://boxd.it/7iM6
2024-06-05,Sleeping Beauty,1959,https://boxd.it/1V9A
2024-06-05,Bambi,1942,https://boxd.it/25AQ
2024-06-05,Mulan,1998,https://boxd.it/1VFw
2024-06-05,Tangled,2010,https://boxd.it/15gO
2024-06-05,Lady and the Tramp,1955,https://boxd.it/1Wv8
2024-06-05,Cinderella,1950,https://boxd.it/1Uki
2024-06-05,One Hundred and One Dalmatians,1961,https://boxd.it/1SeC
2024-06-05,Moana,2016,https://boxd.it/8tfY
2024-06-05,The Little Mermaid,1989,https://boxd.it/1WYO
2024-06-05,Dumbo,1941,https://boxd.it/1U2o
2024-06-05,Frozen II,2019,https://boxd.it/aPvo
2024-06-05,Aladdin,1992,https://boxd.it/29yE
2024-06-05,Pinocchio,1940,https://boxd.it/1V8C
2024-06-05,The Jungle Book,1967,https://boxd.it/1YY2
2024-06-05,The Princess and the Frog,2009,https://boxd.it/1WQq
2024-06-05,Hercules,1997,https://boxd.it/1SDW
2024-06-05,Snow White and the Seven Dwarfs,1937,https://boxd.it/2arO
2024-06-05,The Fox and the Hound,1981,https://boxd.it/1V0o
2024-06-05,The Lion King,1994,https://boxd.it/201Q
2024-06-05,Frozen,2013,https://boxd.it/3GNa
2024-06-05,Beauty and the Beast,1991,https://boxd.it/1XhG
2024-06-05,The Aristocats,1970,https://boxd.it/1X3Y
2024-06-05,Wreck-It Ralph,2012,https://boxd.it/2TTS
2024-06-05,Big Hero 6,2014,https://boxd.it/5rje
2024-06-05,Tarzan,1999,https://boxd.it/18YO
2024-06-05,The Hunchback of Notre Dame,1996,https://boxd.it/1VZQ
2024-06-05,Pocahontas,1995,https://boxd.it/1W2g
2024-06-05,Bolt,2008,https://boxd.it/1QXg
2024-06-05,Zootopia,2016,https://boxd.it/84xS
2024-06-05,Belfast,2021,https://boxd.it/tefG
2024-06-05,Cinderella,2015,https://boxd.it/4KX6
2024-06-05,Chariots of Fire,1981,https://boxd.it/1YFu
2024-06-05,Conspiracy,2001,https://boxd.it/1R5u
2024-06-05,Bones and All,2022,https://boxd.it/tLd4
2024-06-05,Elvis,2022,https://boxd.it/mK4w
2024-06-05,Morbius,2022,https://boxd.it/j978
2024-06-05,Parasite,2019,https://boxd.it/hTha
2024-06-05,Gone Girl,2014,https://boxd.it/6hQu
2024-06-05,Little Women,2019,https://boxd.it/aSVk
2024-06-05,Midsommar,2019,https://boxd.it/jhxe
2024-06-05,Knives Out,2019,https://boxd.it/jWEA
2024-06-05,1917,2019,https://boxd.it/jj4y
2024-06-05,The Hunger Games,2012,https://boxd.it/2uds
2024-06-05,The Hunger Games: Catching Fire,2013,https://boxd.it/3sAw
2024-06-05,No Hard Feelings,2023,https://boxd.it/xouu
2024-06-05,The Hunger Games: Mockingjay – Part 1,2014,https://boxd.it/4hka
2024-06-05,The Hunger Games: Mockingjay – Part 2,2015,https://boxd.it/4hk0
2024-06-05,Jojo Rabbit,2019,https://boxd.it/iEBG
2024-06-05,The Social Network,2010,https://boxd.it/17ue
2024-06-05,The Lighthouse,2019,https://boxd.it/icFU
2024-06-05,Bohemian Rhapsody,2018,https://boxd.it/f1TK
2024-06-05,"I, Tonya",2017,https://boxd.it/dzR0
2024-06-05,How to Train Your Dragon,2010,https://boxd.it/1WRy
2024-06-05,Rise of the Guardians,2012,https://boxd.it/2PXw
2024-06-05,How to Train Your Dragon: The Hidden World,2019,https://boxd.it/5a9w
2024-06-05,Kung Fu Panda 2,2011,https://boxd.it/G36
2024-06-05,How to Train Your Dragon 2,2014,https://boxd.it/2TRW
2024-06-05,Shrek 2,2004,https://boxd.it/29z8
2024-06-05,Shrek,2001,https://boxd.it/29zi
2024-06-05,Kung Fu Panda,2008,https://boxd.it/1Yws
2024-06-05,Madagascar,2005,https://boxd.it/29dc
2024-06-05,Kung Fu Panda 3,2016,https://boxd.it/4uRQ
2024-06-05,Over the Hedge,2006,https://boxd.it/20QY
2024-06-05,The Boss Baby,2017,https://boxd.it/9mfO
2024-06-05,Puss in Boots,2011,https://boxd.it/eL34
2024-06-05,Madagascar 3: Europe's Most Wanted,2012,https://boxd.it/2NF6
2024-06-05,Bee Movie,2007,https://boxd.it/22Vw
2024-06-05,Mr. Peabody & Sherman,2014,https://boxd.it/2TRM
2024-06-05,Spirit: Stallion of the Cimarron,2002,https://boxd.it/1Zmo
2024-06-05,Shrek Forever After,2010,https://boxd.it/1WRo
2024-06-05,Shrek the Third,2007,https://boxd.it/29yY
2024-06-05,Madagascar: Escape 2 Africa,2008,https://boxd.it/1W2K
2024-06-05,Megamind,2010,https://boxd.it/16Sk
2024-06-05,Home,2015,https://boxd.it/6JxA
2024-06-05,Turbo,2013,https://boxd.it/2Hzw
2024-06-05,Monsters vs Aliens,2009,https://boxd.it/1M50
2024-06-05,Trolls,2016,https://boxd.it/4p8Q
2024-06-05,Manchester by the Sea,2016,https://boxd.it/b2L0
2024-06-05,Wonder Woman,2017,https://boxd.it/9roG
2024-06-05,Ford v Ferrari,2019,https://boxd.it/ce74
2024-06-05,The Lego Movie,2014,https://boxd.it/4pDO
2024-06-05,American Psycho,2000,https://boxd.it/28Vs
2024-06-05,Vice,2018,https://boxd.it/fcFY
2024-06-05,Green Book,2018,https://boxd.it/hErk
2024-06-05,Pitch Perfect,2012,https://boxd.it/3OsE
2024-06-05,The Hobbit: An Unexpected Journey,2012,https://boxd.it/GZk
2024-06-05,The Lord of the Rings: The Fellowship of the Ring,2001,https://boxd.it/2b5O
2024-06-05,The Lord of the Rings: The Return of the King,2003,https://boxd.it/2b5u
2024-06-05,The Lord of the Rings: The Two Towers,2002,https://boxd.it/2b5E
2024-06-05,The Hobbit: The Desolation of Smaug,2013,https://boxd.it/nmS
2024-06-05,The Hobbit: The Battle of the Five Armies,2014,https://boxd.it/43aU
2024-06-05,We Bought a Zoo,2011,https://boxd.it/2AU8
2024-06-05,Indiana Jones and the Dial of Destiny,2023,https://boxd.it/b8vM
2024-06-05,The Fugitive,1993,https://boxd.it/230G
2024-06-05,Jumanji: Welcome to the Jungle,2017,https://boxd.it/bUeE
2024-06-05,Free Guy,2021,https://boxd.it/k8dm
2024-06-05,Jungle Cruise,2021,https://boxd.it/g4YK
2024-06-05,San Andreas,2015,https://boxd.it/7sUa
2024-06-05,Despicable Me,2010,https://boxd.it/1DD8
2024-06-05,Fury,2014,https://boxd.it/6JwC
2024-06-05,Castle in the Sky,1986,https://boxd.it/1W4G
2024-06-05,My Neighbor Totoro,1988,https://boxd.it/20eA
2024-06-05,Spirited Away,2001,https://boxd.it/2b4m
2024-06-05,Princess Mononoke,1997,https://boxd.it/2b4w
2024-06-05,Howl's Moving Castle,2004,https://boxd.it/23De
2024-06-05,Ponyo,2008,https://boxd.it/1S0A
2024-06-05,"Love, Simon",2018,https://boxd.it/g02s
2024-06-05,Sing,2016,https://boxd.it/b5EQ
2024-06-05,The Horse Whisperer,1998,https://boxd.it/2a9U
2024-06-05,Beauty and the Beast,2017,https://boxd.it/ar0c
2024-06-05,Me Before You,2016,https://boxd.it/9n98
2024-06-05,Twilight,2008,https://boxd.it/1Zui
2024-06-05,The Twilight Saga: New Moon,2009,https://boxd.it/1Hj2
2024-06-05,The Twilight Saga: Eclipse,2010,https://boxd.it/1ytW
2024-06-05,The Twilight Saga: Breaking Dawn – Part 2,2012,https://boxd.it/DdC
2024-06-05,The Twilight Saga: Breaking Dawn – Part 1,2011,https://boxd.it/DdM
2024-06-05,Aladdin,2019,https://boxd.it/eSjy
2024-06-05,The Little Mermaid,2023,https://boxd.it/fVum
2024-06-05,Encanto,2021,https://boxd.it/kPRu
2024-06-05,Enchanted,2007,https://boxd.it/24co
2024-06-05,The Lion King,2019,https://boxd.it/eSjI
2024-06-05,Into the Woods,2014,https://boxd.it/6DtW
2024-06-05,Corpse Bride,2005,https://boxd.it/24WQ
2024-06-05,Alice in Wonderland,2010,https://boxd.it/1Spq
2024-06-05,Vincent,1982,https://boxd.it/1hLa
2024-06-05,The Nightmare Before Christmas,1993,https://boxd.it/1YzQ
2024-06-05,The Lion King II: Simba's Pride,1998,https://boxd.it/1XWu
2024-06-05,Psycho,1960,https://boxd.it/2ab2
2024-06-05,Vertigo,1958,https://boxd.it/2apI
2024-06-05,The Birds,1963,https://boxd.it/2a6m
2024-06-05,Gaslight,1944,https://boxd.it/1PYs
2024-06-05,Pokémon Detective Pikachu,2019,https://boxd.it/fVA0
2024-06-05,Maleficent,2014,https://boxd.it/3v1u
2024-06-05,The Fault in Our Stars,2014,https://boxd.it/6BQa
2024-06-05,Maleficent: Mistress of Evil,2019,https://boxd.it/eSig
2024-06-05,The King's Speech,2010,https://boxd.it/dX0
2024-06-05,GoodFellas,1990,https://boxd.it/29FA
2024-06-05,The Irishman,2019,https://boxd.it/dYOq
2024-06-05,First Man,2018,https://boxd.it/cPym
2024-06-05,American Sniper,2014,https://boxd.it/5LDy
2024-06-05,Barbie,2023,https://boxd.it/bCLK
2024-06-05,The Notebook,2004,https://boxd.it/1UNE
2024-06-05,Remember the Titans,2000,https://boxd.it/1VLk
2024-06-05,Sully,2016,https://boxd.it/cD8Q
2024-06-05,Richard Jewell,2019,https://boxd.it/99Mg
2024-06-05,Flags of Our Fathers,2006,https://boxd.it/255y
2024-06-05,Hotel Transylvania,2012,https://boxd.it/2DF6
2024-06-05,Despicable Me 2,2013,https://boxd.it/3gg0
2024-06-05,Slumdog Millionaire,2008,https://boxd.it/1S3E
2024-06-05,The Breakfast Club,1985,https://boxd.it/27q4
2024-06-05,Ferris Bueller's Day Off,1986,https://boxd.it/1YPY
2024-06-05,"Planes, Trains and Automobiles",1987,https://boxd.it/26zE
2024-06-05,The Lion King 1½,2004,https://boxd.it/1TRg
2024-06-05,The Lorax,2012,https://boxd.it/2w9M
2024-06-05,Despicable Me 3,2017,https://boxd.it/azpu
2024-06-05,The Secret Life of Pets,2016,https://boxd.it/aJ5E
2024-06-05,Minions,2015,https://boxd.it/6jCO
2024-06-05,Wonder,2017,https://boxd.it/ekeY
2024-06-05,Mirror Mirror,2012,https://boxd.it/awA
2024-06-05,Charlotte's Web,2006,https://boxd.it/1Xn0
2024-06-05,Two Weeks Notice,2002,https://boxd.it/26wK
2024-06-05,The Pirates! In an Adventure with Scientists!,2012,https://boxd.it/2p1w
2024-06-05,Kubo and the Two Strings,2016,https://boxd.it/a4wE
2024-06-05,Rio,2011,https://boxd.it/NKc
2024-06-05,Searching,2018,https://boxd.it/hDPg
2024-06-05,Cosy Dens,1999,https://boxd.it/1MkO
2024-06-05,The Founder,2016,https://boxd.it/9XwM
2024-06-05,Forrest Gump,1994,https://boxd.it/728
2024-06-05,Cast Away,2000,https://boxd.it/20i8
2024-06-05,The Polar Express,2004,https://boxd.it/23am
2024-06-05,Eternal Sunshine of the Spotless Mind,2004,https://boxd.it/6YK
2024-06-05,Mare of Easttown,2021,https://boxd.it/u2h8
2024-06-05,Past Lives,2023,https://boxd.it/oNB8
2024-06-05,Everything Everywhere All at Once,2022,https://boxd.it/jUk4
2024-06-05,Ingrid Goes West,2017,https://boxd.it/evUQ
2024-06-05,The Death of Stalin,2017,https://boxd.it/ea9Y
2024-06-05,Source Code,2011,https://boxd.it/fdo
2024-06-05,October Sky,1999,https://boxd.it/1Q7u
2024-06-05,Prince of Persia: The Sands of Time,2010,https://boxd.it/1YpQ
2024-06-05,Rio 2,2014,https://boxd.it/5jfy
2024-06-05,Hoodwinked!,2005,https://boxd.it/1UVS
2024-06-05,One Day,2024,https://boxd.it/L1ZM
2024-06-05,Mean Girls,2004,https://boxd.it/1VNg
2024-06-05,Fantastic Mr. Fox,2009,https://boxd.it/1WyQ
2024-06-05,Avatar,2009,https://boxd.it/1Efm
2024-06-05,(500) Days of Summer,2009,https://boxd.it/1EmM
2024-06-05,Coraline,2009,https://boxd.it/1NhQ
2024-06-05,Pride & Prejudice,2005,https://boxd.it/24u8
2024-06-05,The Pianist,2002,https://boxd.it/2aqc
2024-06-05,Legally Blonde,2001,https://boxd.it/1ZNa
2024-06-05,A Beautiful Mind,2001,https://boxd.it/2amk
2024-06-05,Pirates of the Caribbean: The Curse of the Black Pearl,2003,https://boxd.it/70G
2024-06-05,Jennifer's Body,2009,https://boxd.it/1Efw
2024-06-05,Bring It On,2000,https://boxd.it/28x6
2024-06-05,Elf,2003,https://boxd.it/1VyK
2024-06-05,The Pursuit of Happyness,2006,https://boxd.it/28PE
2024-06-05,White Chicks,2004,https://boxd.it/1SpK
2024-06-05,Cloudy with a Chance of Meatballs,2009,https://boxd.it/1A40
2024-06-05,300,2006,https://boxd.it/28XI
2024-06-05,Robots,2005,https://boxd.it/1Xve
2024-06-05,My Big Fat Greek Wedding,2002,https://boxd.it/20k4
2024-06-05,My Big Fat Greek Wedding 2,2016,https://boxd.it/9DE2
2024-06-05,Idiocracy,2006,https://boxd.it/20RW
2024-06-05,Barbie as The Princess & the Pauper,2004,https://boxd.it/1MGU
2024-06-05,The Truman Show,1998,https://boxd.it/18U8
2024-06-05,Home Alone,1990,https://boxd.it/29Fg
2024-06-05,Men in Black,1997,https://boxd.it/2a0I
2024-06-05,The Parent Trap,1998,https://boxd.it/1XJq
2024-06-05,Home Alone 2: Lost in New York,1992,https://boxd.it/29F6
2024-06-05,Thelma & Louise,1991,https://boxd.it/28Ew
2024-06-05,The Mask,1994,https://boxd.it/29rS
2024-06-05,Braveheart,1995,https://boxd.it/2aTI
2024-06-05,Hocus Pocus,1993,https://boxd.it/1Wgi
2024-06-05,Bill & Ted's Excellent Adventure,1989,https://boxd.it/28oI
2024-06-05,Dumb and Dumber,1994,https://boxd.it/206m
2024-06-05,My Cousin Vinny,1992,https://boxd.it/1WpO
2024-06-05,My Girl,1991,https://boxd.it/24PK
2024-06-05,Mean Girls,2024,https://boxd.it/p6nO
2024-06-05,Euphoria: F*ck Anyone Who’s Not a Sea Blob,2021,https://boxd.it/tMkU
2024-06-05,Bombshell,2019,https://boxd.it/j5YC
2024-06-05,The Legend of Tarzan,2016,https://boxd.it/7DUU
2024-06-05,Goodbye Christopher Robin,2017,https://boxd.it/eMZS
2024-06-05,Before We Go,2014,https://boxd.it/8KRg
2024-06-05,Beautiful Girls,1996,https://boxd.it/1Z4u
2024-06-05,Three Wishes for Cinderella,1973,https://boxd.it/1ZV4
2024-06-05,Father Frost,1965,https://boxd.it/1CGq
2024-06-05,Barbie in the 12 Dancing Princesses,2006,https://boxd.it/1R34
2024-06-05,When Harry Met Sally...,1989,https://boxd.it/29W2
2024-06-05,Grease,1978,https://boxd.it/29YW
2024-06-05,The Wizard of Oz,1939,https://boxd.it/29Xu
2024-06-05,Secret of the Wings,2012,https://boxd.it/2xMU
2024-06-05,Tinker Bell and the Great Fairy Rescue,2010,https://boxd.it/RlU
2024-06-05,Tinker Bell and the Pirate Fairy,2014,https://boxd.it/5nyY
2024-06-05,12 Angry Men,1957,https://boxd.it/2auI
2024-06-05,Just Mercy,2019,https://boxd.it/iXj2
2024-06-05,Gone with the Wind,1939,https://boxd.it/29Fq
2024-06-05,Harriet,2019,https://boxd.it/ijo2
2024-06-05,Dirty Rotten Scoundrels,1988,https://boxd.it/1WZi
2024-06-05,Gandhi,1982,https://boxd.it/29Dk
2024-06-05,The Boxtrolls,2014,https://boxd.it/5grw
2024-06-05,Midnight Run,1988,https://boxd.it/1ZnQ
2024-06-05,ParaNorman,2012,https://boxd.it/2FuY
2024-06-05,The Emoji Movie,2017,https://boxd.it/d9x4
2024-06-05,Hotel Transylvania 2,2015,https://boxd.it/4ZLk
2024-06-05,Epic,2013,https://boxd.it/3SNm
2024-06-05,National Lampoon's Christmas Vacation,1989,https://boxd.it/22wQ
2024-06-05,A Christmas Story,1983,https://boxd.it/29sw
2024-06-05,A Christmas Story Christmas,2022,https://boxd.it/z1Rk
2024-06-05,8-Bit Christmas,2021,https://boxd.it/uckc
2024-06-05,Christopher Robin,2018,https://boxd.it/eSj4
2024-06-05,Daddy's Home,2015,https://boxd.it/8jSc
2024-06-05,Bullet Train,2022,https://boxd.it/qW26
2024-06-05,Monty Python and the Holy Grail,1975,https://boxd.it/29GI
2024-06-05,Life of Brian,1979,https://boxd.it/2a4q
2024-06-05,Time Bandits,1981,https://boxd.it/19KI
2024-06-05,Selma,2014,https://boxd.it/8jak
2024-06-05,The Good Liar,2019,https://boxd.it/iuXC
2024-06-05,Missing Link,2019,https://boxd.it/gn0O
2024-06-05,"Standing Up, Falling Down",2019,https://boxd.it/m0SK
2024-06-05,Blinded by the Light,2019,https://boxd.it/jrYO
2024-06-05,Darkest Hour,2017,https://boxd.it/dZZa
2024-06-05,Storks,2016,https://boxd.it/aUo8
2024-06-05,Hacksaw Ridge,2016,https://boxd.it/azew
2024-06-05,The Shallows,2016,https://boxd.it/aXgQ
2024-06-05,Pete's Dragon,2016,https://boxd.it/9hza
2024-06-05,Shaun the Sheep Movie,2015,https://boxd.it/7Pdy
2024-06-05,The Book of Life,2014,https://boxd.it/6JKY
2024-06-05,Song of the Sea,2014,https://boxd.it/3Ic6
2024-06-05,Free Birds,2013,https://boxd.it/5oi8
2024-06-05,Life of Pi,2012,https://boxd.it/37pC
2024-06-05,The Impossible,2012,https://boxd.it/2N9k
2024-06-05,Cloudy with a Chance of Meatballs 2,2013,https://boxd.it/3GMw
2024-06-05,Jack the Giant Slayer,2013,https://boxd.it/2Pwq
2024-06-05,LEGO: The Adventures of Clutch Powers,2010,https://boxd.it/1fvk
2024-06-05,Crazy Heart,2009,https://boxd.it/1wds
2024-06-05,Spaceballs,1987,https://boxd.it/29cy
2024-06-05,Stand and Deliver,1988,https://boxd.it/1o5g
2024-06-05,The NeverEnding Story,1984,https://boxd.it/1dE0
2024-06-05,Young Frankenstein,1974,https://boxd.it/25To
2024-06-05,"The Good, the Bad and the Ugly",1966,https://boxd.it/2ape
2024-06-05,Lawrence of Arabia,1962,https://boxd.it/2wRE
2024-06-05,Barbie in the Nutcracker,2001,https://boxd.it/1MGA
2024-06-05,Barbie as Rapunzel,2002,https://boxd.it/1MZW
2024-06-05,Barbie of Swan Lake,2003,https://boxd.it/1MZM
2024-06-05,Barbie: Fairytopia,2005,https://boxd.it/1Quo
2024-06-05,Barbie and the Magic of Pegasus,2005,https://boxd.it/1Lgc
2024-06-05,Barbie Fairytopia: Mermaidia,2006,https://boxd.it/1Que
2024-06-05,Barbie and the Diamond Castle,2008,https://boxd.it/1R2K
2024-06-05,Barbie Mariposa,2008,https://boxd.it/1Hom
2024-06-05,Barbie as the Island Princess,2007,https://boxd.it/1Quy
2024-06-05,Barbie Fairytopia: Magic of the Rainbow,2007,https://boxd.it/1Jri
2024-06-05,Barbie in 'A Christmas Carol',2008,https://boxd.it/1Q8C
2024-06-05,Barbie Presents: Thumbelina,2009,https://boxd.it/1K8Q
2024-06-05,Barbie and the Three Musketeers,2009,https://boxd.it/1z4y
2024-06-05,Barbie in A Mermaid Tale,2010,https://boxd.it/1ehc
2024-06-05,Barbie: A Fashion Fairytale,2010,https://boxd.it/QSy
2024-06-05,Barbie in A Mermaid Tale 2,2012,https://boxd.it/3cYW
2024-06-05,Barbie: A Perfect Christmas,2011,https://boxd.it/2GiY
2024-06-05,Barbie: Princess Charm School,2011,https://boxd.it/2vLK
2024-06-05,Barbie: A Fairy Secret,2011,https://boxd.it/lZI
2024-06-05,Barbie Mariposa & the Fairy Princess,2013,https://boxd.it/5UGw
2024-06-05,Barbie & Her Sisters in A Pony Tale,2013,https://boxd.it/6HTu
2024-06-05,Barbie and the Secret Door,2014,https://boxd.it/8R2k
2024-06-05,Barbie & Her Sisters in the Great Puppy Adventure,2015,https://boxd.it/cixK
2024-06-05,Cinderella III: A Twist in Time,2007,https://boxd.it/1KMw
2024-06-05,Cinderella II: Dreams Come True,2002,https://boxd.it/1OIe
2024-06-05,Barbie: The Princess & the Popstar,2012,https://boxd.it/4eci
2024-06-05,The Greatest Showman,2017,https://boxd.it/acjI
2024-06-05,Bad Education,2019,https://boxd.it/jiME
2024-06-05,Booksmart,2019,https://boxd.it/igNS
2024-06-05,Before I Fall,2017,https://boxd.it/dW0I
2024-06-05,20 Days in Mariupol,2023,https://boxd.it/E32S
2024-06-06,Tomorrowland,2015,https://boxd.it/4YaC
2024-06-06,Dark Waters,2019,https://boxd.it/kaYu
2024-06-06,The Martian,2015,https://boxd.it/8SeG
2024-06-06,The 5th Wave,2016,https://boxd.it/9wbi
2024-06-06,Mrs. Doubtfire,1993,https://boxd.it/29Cw
2024-06-07,Selena,1997,https://boxd.it/1KVS
2024-06-07,Maid in Manhattan,2002,https://boxd.it/210O
2024-06-07,The Host,2013,https://boxd.it/2nIy
2024-06-08,Love Actually,2003,https://boxd.it/2aeU
2024-06-09,Lady Bird,2017,https://boxd.it/dGNE
2024-06-10,The Devil Wears Prada,2006,https://boxd.it/2awE
2024-06-11,Pulp Fiction,1994,https://boxd.it/29Pq
2024-06-13,Mamma Mia!,2008,https://boxd.it/1Tnq
2024-06-13,How the Grinch Stole Christmas,2000,https://boxd.it/1ZHQ
2024-06-16,Back to the Future,1985,https://boxd.it/2b8e
2024-06-16,Om Shanti Om,2007,https://boxd.it/20zy
2024-06-16,Hotel Transylvania 3: Summer Vacation,2018,https://boxd.it/e1zI
2024-06-25,She's the Man,2006,https://boxd.it/1Y7W
2024-07-04,The Falcon and the Winter Soldier,2021,https://boxd.it/sbH6
2024-07-04,Minions: The Rise of Gru,2022,https://boxd.it/fz9w
2024-07-11,An Irish Goodbye,2022,https://boxd.it/xB8Q
2024-07-17,The King of Comedy,1982,https://boxd.it/2aJS
2024-07-19,The Godfather,1972,https://boxd.it/2aNK
2024-07-20,Notting Hill,1999,https://boxd.it/2aeK
2024-07-21,Back to the Future Part II,1989,https://boxd.it/2aYI
2024-07-22,Loveless,2017,https://boxd.it/fcFa
2024-07-22,Some Like It Hot,1959,https://boxd.it/2aNA
2024-07-24,Pawn Sacrifice,2014,https://boxd.it/7dlE
2024-07-24,Astro Boy,2009,https://boxd.it/1JVW
2024-07-28,Sabotage,1936,https://boxd.it/1RqC
2024-07-28,A Trip to the Moon,1902,https://boxd.it/29EC
2024-07-29,Dial M for Murder,1954,https://boxd.it/2adW
2024-07-31,Gladiator,2000,https://boxd.it/2b9m
2024-08-02,The Running Man,1987,https://boxd.it/29q6
2024-08-07,The Usual Suspects,1995,https://boxd.it/29XE
2024-08-09,Back to the Future Part III,1990,https://boxd.it/2aTS
2024-08-09,Robin Hood,1973,https://boxd.it/1SRa
2024-08-11,The Holdovers,2023,https://boxd.it/vHza
2024-08-12,Scarface,1983,https://boxd.it/2b7g
2024-08-16,The Red Balloon,1956,https://boxd.it/1Mxo
2024-08-22,Strangers on a Train,1951,https://boxd.it/29tk
2024-08-26,Nightcrawler,2014,https://boxd.it/780m
2024-08-27,Gattaca,1997,https://boxd.it/29Du
2024-08-28,Good Time,2017,https://boxd.it/fcFu
2024-08-29,Sicario,2015,https://boxd.it/8i7u
2024-08-30,The Lady Vanishes,1938,https://boxd.it/29ea
2024-08-31,Kill Bill: Vol. 1,2003,https://boxd.it/70w
2024-09-01,Kill Bill: Vol. 2,2004,https://boxd.it/2au4
2024-09-02,Ferrari,2023,https://boxd.it/cEtq
2024-09-04,Rear Window,1954,https://boxd.it/2a6Q
2024-09-07,The Godfather Part II,1974,https://boxd.it/2aNq
2024-09-09,Suspicion,1941,https://boxd.it/1TNo
2024-09-12,Notorious,1946,https://boxd.it/2aDK
2024-09-14,Shadow of a Doubt,1943,https://boxd.it/1BtA
2024-09-21,Brokeback Mountain,2005,https://boxd.it/2b2q
2024-09-26,Rope,1948,https://boxd.it/28yo
2024-09-29,The Big Lebowski,1998,https://boxd.it/2b6C
2024-10-07,High Anxiety,1977,https://boxd.it/1RLK
2024-10-14,The Man Who Knew Too Much,1934,https://boxd.it/20uI
2024-10-17,The Man Who Knew Too Much,1956,https://boxd.it/2a5S
2024-10-20,Good Will Hunting,1997,https://boxd.it/2ahY
2024-10-27,The Misfits,1961,https://boxd.it/1TCg
2024-10-28,Rebecca,1940,https://boxd.it/2aQa
2024-10-30,Suzhou River,2000,https://boxd.it/1Tsq
2024-11-06,Peeping Tom,1960,https://boxd.it/1Utk
2024-11-10,Sisters,1972,https://boxd.it/1AMc
2024-11-13,Dressed to Kill,1980,https://boxd.it/1UO8
2024-11-18,Obsession,1976,https://boxd.it/23QM
2024-11-20,Body Double,1984,https://boxd.it/1TGW
2024-11-24,Spider-Man,2002,https://boxd.it/2a8i
2024-11-26,Variety,1983,https://boxd.it/305A
2024-11-26,The Sound of Music,1965,https://boxd.it/1MLK
2024-11-27,Inside Out 2,2024,https://boxd.it/CFrC
2024-11-29,Trap,2024,https://boxd.it/D4nK
2024-11-30,Wicked,2024,https://boxd.it/e8ME
2024-12-01,The Sisterhood of the Traveling Pants,2005,https://boxd.it/1XPo
2024-12-01,The Sisterhood of the Traveling Pants 2,2008,https://boxd.it/1WS2
2024-12-02,Gladiator II,2024,https://boxd.it/kqQQ
2024-12-02,Frenzy,1972,https://boxd.it/2a62
2024-12-04,Basic Instinct,1992,https://boxd.it/2asM
2024-12-07,The Hangover,2009,https://boxd.it/1GjK
2024-12-08,Bound,1996,https://boxd.it/1Z1g
2024-12-10,The Visit,2015,https://boxd.it/9ssO
2024-12-22,Spider-Man 2,2004,https://boxd.it/2a88
2024-12-23,The Wicker Man,1973,https://boxd.it/1KnG
2024-12-23,American Fiction,2023,https://boxd.it/DYHm
2024-12-25,Jingle All the Way,1996,https://boxd.it/1Z58
2024-12-26,Joyeux Noel,2005,https://boxd.it/1TiU
2024-12-27,Hundreds of Beavers,2022,https://boxd.it/CyUM
2024-12-28,Conan the Barbarian,1982,https://boxd.it/1YOm
2024-12-31,Die Hard,1988,https://boxd.it/2a7u
2024-12-31,The Matrix,1999,https://boxd.it/2a1m
2025-01-01,The Ministry of Ungentlemanly Warfare,2024,https://boxd.it/u5zu
2025-01-01,L.A. Confidential,1997,https://boxd.it/27oC
2025-01-02,Juror #2,2024,https://boxd.it/FRwU
2025-01-04,Scrooged,1988,https://boxd.it/1Y9e
2025-01-07,Tucker and Dale vs. Evil,2010,https://boxd.it/Mce
2025-01-08,"Crazy, Stupid, Love.",2011,https://boxd.it/D9A
2025-01-09,How to Lose a Guy in 10 Days,2003,https://boxd.it/1XwG
2025-01-12,The Fall Guy,2024,https://boxd.it/s0Bm
2025-01-13,Spider-Man 3,2007,https://boxd.it/2a7Y
2025-01-16,"O Brother, Where Art Thou?",2000,https://boxd.it/2b3I
2025-01-27,The Patriot,2000,https://boxd.it/27Bw
2025-02-08,Set It Up,2018,https://boxd.it/dpik
2025-03-02,Flow,2024,https://boxd.it/v1Ei
2025-03-02,The Apprentice,2024,https://boxd.it/IPqG
2025-03-17,EO,2022,https://boxd.it/txhc
2025-03-17,Mickey 17,2025,https://boxd.it/q1Dk
2025-03-17,The Super Mario Bros. Movie,2023,https://boxd.it/i8C8
2025-03-18,Venom: The Last Dance,2024,https://boxd.it/ynqo
2025-03-19,Anthropoid,2016,https://boxd.it/bOr8
2025-03-20,Beetlejuice,1988,https://boxd.it/24QI
2025-03-24,The Wild Robot,2024,https://boxd.it/IWFy
2025-03-30,The Killing,1956,https://boxd.it/2aMi
2025-03-31,A Real Pain,2024,https://boxd.it/CjNG
2025-04-20,A Complete Unknown,2024,https://boxd.it/oBYa
2025-04-21,Memoir of a Snail,2024,https://boxd.it/EgX8
2025-04-28,The Emperor's New Groove,2000,https://boxd.it/1Tey
2025-05-02,Pretty Woman,1990,https://boxd.it/2b6M
2025-05-09,Harold & Kumar Go to White Castle,2004,https://boxd.it/1Ueu
2025-05-10,Sixteen Candles,1984,https://boxd.it/1MJk
2025-05-16,Scott Pilgrim vs. the World,2010,https://boxd.it/1Aq6
2025-05-20,"Love, Rosie",2014,https://boxd.it/62hE
2025-05-26,Wolfs,2024,https://boxd.it/x6zG
2025-05-26,Sleepless in Seattle,1993,https://boxd.it/29re
2025-05-26,One of Them Days,2025,https://boxd.it/MReU
2025-05-27,Groundhog Day,1993,https://boxd.it/2b3e
2025-05-29,Dream Scenario,2023,https://boxd.it/v2h0
2025-06-15,The Phoenician Scheme,2025,https://boxd.it/H0Ca
2025-07-17,Superman,2025,https://boxd.it/E9IU
2025-08-16,He's Just Not That Into You,2009,https://boxd.it/1WSG
2025-08-16,The 40 Year Old Virgin,2005,https://boxd.it/21hK
2025-08-16,The Break-Up,2006,https://boxd.it/1XRk
2025-08-17,Too Late,2015,https://boxd.it/bpCU
2025-08-17,Harvie Krumpet,2003,https://boxd.it/1Cp0
2025-08-22,Killers of the Flower Moon,2023,https://boxd.it/gHp0
2025-08-24,Casablanca,1942,https://boxd.it/2aG0
2025-08-25,The 39 Steps,1935,https://boxd.it/2aKc
2025-08-26,Death Becomes Her,1992,https://boxd.it/1YQi
2025-08-30,Paterson,2016,https://boxd.it/cRk2
2025-09-01,The Terminator,1984,https://boxd.it/2aQY
2025-09-01,What's a Nice Girl Like You Doing in a Place Like This?,1963,https://boxd.it/HNE
2025-09-06,John Tucker Must Die,2006,https://boxd.it/1Z2S
2025-09-13,Get Out,2017,https://boxd.it/eOCm
2025-09-14,Burn After Reading,2008,https://boxd.it/23BW
2025-09-16,The Texas Chain Saw Massacre,1974,https://boxd.it/1lcS
2025-09-19,Scream,1996,https://boxd.it/24EC
2025-09-21,The Silence of the Lambs,1991,https://boxd.it/2aHW
2025-09-22,Terminator 2: Judgment Day,1991,https://boxd.it/2aGY
2025-09-29,The Firemen's Ball,1967,https://boxd.it/15Yc
2025-10-02,The Sixth Sense,1999,https://boxd.it/29Js
2025-10-03,The Shining,1980,https://boxd.it/29Nu
2025-10-04,Hereditary,2018,https://boxd.it/hNVe
2025-10-09,Carrie,1976,https://boxd.it/20ZQ
2025-10-10,Se7en,1995,https://boxd.it/29zs
2025-10-11,10 Cloverfield Lane,2016,https://boxd.it/aZiu
2025-10-12,One Battle After Another,2025,https://boxd.it/DUHM
2025-10-13,Halloween,1978,https://boxd.it/2wRu
2025-10-15,A Nightmare on Elm Street,1984,https://boxd.it/2aw0
2025-10-16,Gonjiam: Haunted Asylum,2018,https://boxd.it/ioyw
2025-10-17,Companion,2025,https://boxd.it/F04o
2025-10-18,Split,2016,https://boxd.it/dgSy
2025-10-19,Bodies Bodies Bodies,2022,https://boxd.it/iRcE
2025-10-20,Despicable Me 4,2024,https://boxd.it/iOLG
2025-10-23,Mermaids,1990,https://boxd.it/244u
2025-10-26,"It's Not Just You, Murray!",1964,https://boxd.it/19yW
2025-10-27,The Black Cauldron,1985,https://boxd.it/1UYW
2025-11-09,The Great Mouse Detective,1986,https://boxd.it/1XlI
2025-11-10,Elio,2025,https://boxd.it/CFr8
2025-11-14,Weapons,2025,https://boxd.it/EMTM
2025-11-20,Uncut Gems,2019,https://boxd.it/gXGc
2025-11-29,Wicked: For Good,2025,https://boxd.it/AyfK
2025-12-01,Kung Fu Panda 4,2024,https://boxd.it/CepE
2025-12-01,The Prince of Egypt,1998,https://boxd.it/1XGQ
2025-12-04,The Royal Tenenbaums,2001,https://boxd.it/1YHU
2025-12-05,The Whale,2022,https://boxd.it/tw4c
2025-12-07,Dead Poets Society,1989,https://boxd.it/2aSg
2025-12-14,Arthur Christmas,2011,https://boxd.it/Cg6
2025-12-21,How to Train Your Dragon,2025,https://boxd.it/F7Je
2025-12-21,Adventures in Babysitting,1987,https://boxd.it/1Ofc
2025-12-22,Bad Santa,2003,https://boxd.it/1WYk
2025-12-24,House of Wax,1953,https://boxd.it/1GGE
2025-12-24,The Goonies,1985,https://boxd.it/1YVC
2025-12-26,It's a Wonderful Life,1946,https://boxd.it/28xA
2025-12-27,With You The World Is Fun,1983,https://boxd.it/CEs
2025-12-30,The Good Soldier Švejk,1957,https://boxd.it/44qk
2025-12-30,I Dutifully Report,1958,https://boxd.it/44qa
2025-12-31,The Secret of Kells,2009,https://boxd.it/1sMI
2026-01-03,Greyhound,2020,https://boxd.it/iIaE
2026-01-03,Friendship,2024,https://boxd.it/L6Dc
2026-01-09,A Fish Called Wanda,1988,https://boxd.it/29YC
2026-01-10,Ex Machina,2015,https://boxd.it/7T2k
2026-01-13,Safety Last!,1923,https://boxd.it/1AkW
2026-01-14,Fargo,1996,https://boxd.it/2aHM
2026-01-15,Carol,2015,https://boxd.it/7DPK
2026-01-16,The Freshman,1925,https://boxd.it/X5S
2026-01-17,Atlantis: The Lost Empire,2001,https://boxd.it/1Vck
2026-01-18,The Running Man,2025,https://boxd.it/u36A
2026-01-22,Taxi Driver,1976,https://boxd.it/2b8y
2026-01-23,Eraserhead,1977,https://boxd.it/299u
2026-01-26,Bugonia,2025,https://boxd.it/qeWY
2026-01-26,Kingsman: The Secret Service,2014,https://boxd.it/6dxe
2026-01-27,Kingsman: The Golden Circle,2017,https://boxd.it/buJm
2026-01-28,Sinners,2025,https://boxd.it/KQMM
2026-01-29,The Substance,2024,https://boxd.it/zanS
2026-01-31,The Naked Gun: From the Files of Police Squad!,1988,https://boxd.it/18YE
2026-02-01,Lilo & Stitch,2002,https://boxd.it/1TAY
2026-02-06,Bottoms,2023,https://boxd.it/uGf2
2026-02-07,Snow White,2025,https://boxd.it/fVuc
2026-02-08,The Smashing Machine,2025,https://boxd.it/syUC
2026-02-09,The Switch,2010,https://boxd.it/ZVw
2026-02-15,Marie Antoinette,2006,https://boxd.it/27Wa
2026-02-16,The Virgin Suicides,1999,https://boxd.it/28JG
